timestamp,frame,x,y,speed,tremor,smoothness,target_x,target_y,target_radius,hit
1758278072.9888756,0,115,357,0.0,0.0,0.0,300,200,68,0
1758278073.1148653,1,114,358,0.0,0.0,0.0,300,200,76,0
1758278073.2352004,2,114,357,9.76748204366854,0.12914196224094143,0.0,300,200,84,0
1758278073.3458881,3,115,356,10.770523400619672,0.30901699437494745,583.3860319601483,300,200,92,0
1758278073.4574718,4,115,356,8.077892550464753,0.3016300117963108,1064.49376941973,300,200,100,0
1758278073.5722876,5,115,356,6.462314040371803,0.3145281988868342,1042.5680345132023,300,200,108,0
1758278073.6810954,6,115,356,5.385261700309836,0.34230712770160543,902.8904030620446,300,200,116,0
1758278073.7994528,7,116,357,6.322891227026615,0.37381911252971983,893.1276085351592,300,200,124,0
1758278073.9027598,8,116,357,5.532529823648288,0.36358351439825337,1182.160774556695,300,200,132,0
1758278074.0312016,9,117,357,5.782873929614918,0.4551699292240481,1211.1739135985795,300,200,140,0
1758278074.1594281,10,118,359,6.948428607212084,0.7652464728827293,1133.6706223089998,300,200,148,0
1758278074.2714145,11,,,6.316753279283713,0.8353200195462259,1270.8942903759585,300,200,156,0
1758278074.4337,12,,,5.790357172676736,0.8182107857198883,1243.2724156069903,300,200,164,0
1758278074.5752006,13,,,5.344945082470834,0.7484835043595032,1185.4137365222632,300,200,172,0
1758278074.70629,14,,,4.963163290865774,0.666581470236579,1134.9472452531443,300,200,180,0
1758278074.8505533,15,,,4.632285738141389,0.5941143839736599,1090.4220422913327,300,200,188,0
1758278075.0000622,16,,,4.3427678795075515,0.5393356486819926,1050.7569718368484,300,200,196,0
1758278075.140451,17,,,4.087310945418872,0.5051071876621038,1015.1276765048624,300,200,204,0
1758278075.2501707,18,,,3.8602381151178236,0.49087730047329436,982.8931463443905,300,200,212,0
1758278075.3947837,19,,,3.657067688006359,0.4935528407812838,953.5464143702586,300,200,220,0
1758278075.5220368,20,390,376,110.5564100850243,52.806248173276074,31186.481762942785,300,200,228,1
1758278075.6790745,21,373,303,128.0201503653559,63.29737705120123,50269.19227765174,174,125,236,0
1758278075.8158157,22,358,264,136.09098638728275,66.62192897770692,51322.963903876946,174,125,244,1
1758278075.9449677,23,355,227,142.67068964057427,67.53038316163155,50121.515881470346,274,52,250,1
1758278076.0524068,24,362,201,147.16836487243438,67.22593642108382,48970.784311716154,565,227,250,1
1758278076.1995342,25,368,192,144.2223889855295,65.47425514257662,47909.91694531249,127,92,250,0
1758278076.3185642,26,369,179,142.88840530435414,62.796075973033325,46972.25581572934,127,92,250,0
1758278076.4655585,27,367,180,138.15964700492472,59.04049390117705,46041.154398537336,127,92,250,0
1758278076.5980988,28,368,200,138.6213056518105,54.30918353311328,45214.38648469022,127,92,250,0
1758278076.7619817,29,376,216,137.6052047143852,49.30802066938752,44394.677519737386,127,92,250,0
1758278076.8819854,30,388,210,136.745029606272,44.56437118534218,43596.904668311734,127,92,250,0
1758278077.027793,31,405,209,136.10143576442695,40.23655593118382,42838.64260640048,127,92,250,0
1758278077.1430788,32,411,211,133.56263338960656,36.06236610562159,42128.33616011109,127,92,250,0
1758278077.2525249,33,410,226,133.67764616470507,31.785111524717088,41497.392612073825,127,92,250,0
1758278077.3770137,34,419,247,135.14386451713773,27.818058632003225,40847.46840308141,127,92,250,0
1758278077.5124366,35,435,283,139.59422895955143,24.621102421131678,40227.46423796895,127,92,250,0
1758278077.6614995,36,453,310,141.7636425645161,22.67919423509787,39658.994297565405,127,92,250,0
1758278077.7853155,37,464,314,140.48713886902422,21.6342247690875,39094.3757874432,127,92,250,0
1758278077.9068353,38,470,286,142.99131647842393,21.150413657099858,38660.81719783159,127,92,250,0
1758278078.050371,39,463,263,143.619639795407,20.829753384183388,38180.804651271144,127,92,250,0
1758278078.1904612,40,459,258,141.1718274100055,20.886185076709722,37677.84666725409,127,92,250,0
1758278078.3052468,41,470,278,142.57867451336946,21.741540640718547,37318.4807991881,127,92,250,0
1758278078.4520967,42,498,318,147.10039040547886,24.22771743382966,36851.877121556005,127,92,250,0
1758278078.6023173,43,522,378,153.68364735372725,28.44331296469351,36400.691221472924,127,92,250,0
1758278078.722471,44,530,444,162.76622634917624,33.61907910499889,35967.954932680695,127,92,250,0
1758278078.8666105,45,536,487,165.842803891949,39.00531745778703,35668.199929387054,127,92,250,0
1758278078.9770427,46,520,492,165.53741817204332,42.09948282061836,35264.694043515934,127,92,250,0
1758278079.123571,47,505,482,164.63306114336132,43.47707212461788,34890.51431010933,127,92,250,0
1758278079.2585592,48,499,496,163.5539565510278,44.47248437633911,34509.4378216887,127,92,250,0
1758278079.3889506,49,487,501,162.25081168114468,44.82961842566814,34140.35395881741,127,92,250,0
1758278079.4945228,50,471,487,163.033425232657,44.44209518453507,33814.15223534973,127,92,250,0
1758278079.606689,51,465,479,161.58479814504597,43.86077143057287,33560.6510859024,127,92,250,0
1758278079.7090557,52,464,484,159.43530813685564,43.28218753195222,33234.25511844772,127,92,250,0
1758278079.8197236,53,,,156.42709477578288,42.72215302622581,32906.92127981437,127,92,250,0
1758278079.9682999,54,,,153.5302967243795,42.199333213762756,32591.680198533344,127,92,250,0
1758278080.1144052,55,394,433,161.51665747988866,42.45598950698925,32507.31091115338,127,92,250,0
1758278080.2613885,56,,,158.63243145346203,42.82073026046528,33064.472796536254,127,92,250,0
1758278080.392612,57,,,155.8494063402434,43.27886911118629,33023.56240077245,127,92,250,0
1758278080.5247643,58,,,153.1623476102392,43.81661025188362,32727.380970372426,127,92,250,0
1758278080.6574192,59,,,150.56637561684533,44.42121976287252,32439.028380671363,127,92,250,0
1758278080.8845694,60,356,435,153.21547552970586,46.81342124830215,32441.786705470015,127,92,250,0
1758278081.0240633,61,,,153.07462591683958,49.14938042499406,32493.437337927247,127,92,250,0
1758278081.170677,62,425,397,161.96442938542248,51.6719976610535,32789.12970369035,127,92,250,0
1758278081.2859757,63,422,393,162.69943964502943,54.2798048010922,34036.74274530122,127,92,250,0
1758278081.419347,64,415,398,163.79264384313691,56.82914007257523,34321.26765510089,127,92,250,0
1758278081.5368726,65,413,385,165.68951855088358,59.44775209564168,34321.25467096059,127,92,250,0
1758278081.662656,66,423,382,166.89381623301367,61.77770082180815,34327.25216338612,127,92,250,0
1758278081.7812362,67,419,430,173.77843914504257,63.36519700813164,34485.61251911453,127,92,250,0
1758278081.9134793,68,417,448,175.96767478184742,64.53982262726869,34812.73447952457,127,92,250,0
1758278082.057339,69,408,440,177.09081648700095,65.53180710540914,34846.27276024379,127,92,250,0
1758278082.1901622,70,414,446,178.17359643172313,66.18655992470684,34846.96909846999,127,92,250,0
1758278082.304516,71,404,443,179.72102380460535,66.4821792546143,34849.88114530433,127,92,250,0
1758278082.4573672,72,402,464,182.06018102030518,66.22504492760649,34849.927895294815,127,92,250,0
1758278082.5992277,73,398,459,182.825211038278,65.51217853135724,34861.45978868216,127,92,250,0
1758278082.7435997,74,388,470,184.5704752907523,64.20889419272558,34874.90067615746,127,92,250,0
1758278082.8620305,75,398,475,186.17054217876822,62.376907891442364,34878.911275452614,127,92,250,0
1758278082.982947,76,,,186.17054217876822,59.881371470954896,34887.54236191955,127,92,250,0
1758278083.1257315,77,340,398,197.61368521642655,56.21317760402666,30600.55103248867,127,92,250,0
1758278083.2540452,78,,,197.61368521642655,51.47139198402215,22528.74328753542,127,92,250,0
1758278083.4111702,79,374,234,179.38157667448758,44.27681374634211,22994.749426659764,127,92,250,0
1758278083.5570314,80,,,171.2918316580132,42.39125995851118,26290.787908654478,127,92,250,0
1758278083.7203586,81,429,151,176.44523582325272,43.126587480765146,27772.45365669365,127,92,250,0
1758278083.8558493,82,431,150,171.8533599515119,44.16435362857572,28871.564393607212,127,92,250,0
1758278083.9783952,83,,,167.60564986328785,45.080286300502294,29185.420337568296,127,92,250,0
1758278084.114884,84,418,188,171.34690078058705,44.98922249789758,29257.57479539406,127,92,250,0
1758278084.2556243,85,,,169.49031072507907,44.813164864743925,29482.257520154937,127,92,250,0
1758278084.392224,86,,,169.2324813823713,44.40668885903496,29533.73412242011,127,92,250,0
1758278084.5366082,87,,,166.67170021088438,43.98013896933824,29532.14115815811,127,92,250,0
1758278084.680694,88,365,330,182.6509718331053,44.58110068604609,30285.12643995899,127,92,250,0
1758278084.8204622,89,355,291,185.6384349619869,44.78396016476373,32605.467166924107,127,92,250,0
1758278084.9488454,90,350,257,188.1958413086499,44.820824832007716,33024.96742565252,127,92,250,0
1758278085.0865517,91,342,225,191.3258527425251,45.13362025226009,33022.4837900511,127,92,250,0
1758278085.2030292,92,325,207,192.60051751509116,45.91709263646738,33019.91837960082,127,92,250,1
1758278085.3126438,93,300,205,193.3678290627008,47.17433588400709,33003.3880092695,318,154,250,1
1758278085.4595068,94,284,203,190.29810529645206,48.599107302045084,33010.311631777506,179,194,250,1
1758278085.5745208,95,268,178,190.98245354342237,50.17482058745331,33015.21978814866,139,243,250,1
1758278085.7184825,96,285,178,191.38167360804832,50.483053891423594,33046.25746744188,232,151,250,1
1758278085.9219723,97,306,182,189.16826368237474,50.123677320157206,33049.44049059947,419,262,250,1
1758278086.0524724,98,323,195,189.10887065847018,49.799890086431056,32955.63796828444,216,51,250,1
1758278086.1846519,99,323,217,191.15519591820296,49.57991720249444,32956.275072866476,520,417,250,0
1758278086.3143477,100,336,262,193.90606302439832,49.57639243529519,32990.252308074545,520,417,250,1
1758278086.4477918,101,375,295,194.75949502498565,50.21251867110895,33014.42241280791,538,272,250,1
1758278086.5883403,102,449,269,196.926970334575,49.91480975448823,32931.72814700685,295,301,250,1
1758278086.715347,103,,,187.54871400993974,49.341998693806005,33449.62011714252,348,138,250,0
1758278086.8651168,104,,,182.44342221716093,48.24549877419663,33658.34401754095,348,138,250,0
1758278086.9911106,105,,,179.87062457688484,46.35546838126282,33658.13545926787,348,138,250,0
1758278087.107523,106,,,177.78532563071553,44.632491889957365,33658.12571917635,348,138,250,0
1758278087.2385886,107,,,175.87285036442145,43.4113465902644,33631.648540976996,348,138,250,0
1758278087.3558514,108,,,174.18302226396796,41.99919710548208,33551.611639875264,348,138,250,0
1758278087.4782522,109,,,170.76977668334487,40.6503374502142,33542.13605312262,348,138,250,0
1758278087.6434572,110,517,139,184.31042681321046,41.803725574945396,33817.788891009266,348,138,250,1
1758278087.7572386,111,467,96,193.28977961897516,43.68949792536145,35101.20346525684,251,319,250,0
1758278087.8942409,112,434,90,197.43928769610974,45.13124178985049,34908.92234615662,251,319,250,0
1758278088.0169063,113,447,85,199.36382686877334,46.598738026882835,34171.358712726316,251,319,250,0
1758278088.122221,114,469,79,192.9866591557167,48.18581764682345,34025.652908542004,251,319,250,0
1758278088.2612839,115,489,80,195.42732852466628,50.59982950144885,34055.60960113361,251,319,250,0
1758278088.4118772,116,498,83,196.4950639407798,52.74265517954545,34055.612636137936,251,319,250,0
1758278088.5130174,117,492,93,198.44937357875128,54.28550495206352,34080.91817902236,251,319,250,0
1758278088.6387887,118,496,116,201.59541723241867,55.22892887116271,34031.209116565005,251,319,250,0
1758278088.749206,119,494,123,199.873568440922,55.941990869337275,33803.64581524976,251,319,250,0
1758278088.8616686,120,493,125,200.21056477573447,56.40943367976845,32556.79067639662,251,319,250,0
1758278088.9711945,121,501,119,192.65171017523403,56.84604755100641,32282.04385249151,251,319,250,0
1758278089.074831,122,508,93,196.3202631846681,57.97575098013319,32304.849224731657,251,319,250,0
1758278089.1737716,123,507,85,196.6081747406347,59.10402888807694,32622.415654970056,251,319,250,0
1758278089.2988737,124,507,87,194.98226527238936,60.03761264057076,32483.190039176065,251,319,250,0
1758278089.4130886,125,525,137,201.4614624729146,60.52425997185152,32544.32081786396,251,319,250,0
1758278089.5345309,126,,,194.5768395608857,61.02196940460266,33593.21421700315,251,319,250,0
1758278089.6411479,127,,,192.25564414819354,61.00869320303096,33928.00992491362,251,319,250,0
1758278089.7815313,128,,,190.83693599040296,60.513319206631834,33925.01874683228,251,319,250,0
1758278089.9233594,129,,,189.75415604568084,60.06403298640564,33924.97072227935,251,319,250,0
1758278090.0498729,130,,,188.20672867279862,59.334835928484566,33913.12038454816,251,319,250,0
1758278090.1966684,131,,,185.86757145709876,58.49809446483916,33899.29815855944,251,319,250,0
1758278090.3135746,132,,,185.10254143912596,56.69164274664639,33895.171648095595,251,319,250,0
1758278090.436624,133,,,183.3572771866517,54.62637186199461,33886.28779845954,251,319,250,0
1758278090.5478218,134,,,181.75721029863575,51.35349908762945,33498.698285494575,251,319,250,0
1758278090.6648374,135,,,181.75721029863575,46.89078660716487,31871.891294196957,251,319,250,0
1758278090.768156,136,,,170.31406726097745,41.07047788427204,30211.039474022728,251,319,250,0
1758278090.8821137,137,,,170.31406726097742,37.90794222368153,27366.98360047422,251,319,250,0
1758278091.0921726,138,,,152.2471263854865,34.03870528814379,25860.899008362543,251,319,250,0
1758278091.2592583,139,,,152.2471263854865,34.75174461664474,24615.58673719407,251,319,250,0
1758278091.3947978,140,,,141.91442488384448,35.63135944855246,24184.623853533958,251,319,250,0
1758278091.5083036,141,,,141.6347048028228,35.013303831698416,24082.25644733472,251,319,250,0
1758278091.6266222,142,,,141.6347048028228,34.452347599506965,23748.3152994153,251,319,250,0
1758278091.758024,143,,,136.6473696872217,33.99312738212074,23661.627232696857,251,319,250,0
1758278091.8822255,144,,,136.6473696872217,34.22015407373206,23661.627232696857,251,319,250,0
1758278091.9989667,145,,,136.6473696872217,34.67650100887935,22689.886697010803,251,319,250,0
1758278092.1229339,146,,,136.6473696872217,35.35531995554736,19195.631622011326,251,319,250,0
1758278092.25389,147,,,118.81802385370462,36.244816933725154,18398.3486598273,251,319,250,0
1758278092.3835928,148,,,113.93564629311136,37.38434051979803,18398.296194224247,251,319,250,0
1758278092.5206425,149,,,109.39868705646403,39.18721574041006,18398.270383776176,251,319,250,0
1758278092.640621,150,,,105.33884918580624,41.26868845303902,18392.550061539674,251,319,250,0
1758278092.7828534,151,,,101.7360817866663,43.36287710646638,18372.225718028527,251,319,250,0
1758278092.9340448,152,,,97.85810803316824,45.16805433615723,18212.4279604733,251,319,250,0
1758278093.0584342,153,,,95.99721112142345,46.262489376284435,18093.17304307321,251,319,250,0
1758278093.1749394,154,,,91.62314899753314,46.557516469089705,18083.510623535978,251,319,250,0
1758278093.306174,155,,,89.62167459678318,45.81231568603153,18075.934919943542,251,319,250,0
1758278093.4301696,156,,,87.84108642031754,45.198620842266536,18070.72411750893,251,319,250,0
1758278093.5469668,157,,,85.06156544692101,44.88550354982779,18007.16373870771,251,319,250,0
1758278093.6919568,158,,,82.24054282482642,44.70471591121888,17958.066591151808,251,319,250,0
1758278093.806553,159,,,76.11929336866619,43.90946435190626,17928.9791972022,251,319,250,0
1758278093.9044917,160,,,69.63042506329977,42.201304346067495,16936.47903986684,251,319,250,0
1758278094.0348277,161,,,60.171755869300966,40.027184310570966,16484.65860007537,251,319,250,0
1758278094.1485178,162,,,60.171755869300966,39.64848425284863,16484.658600075374,251,319,250,0
1758278094.2930877,163,,,60.17175586930096,38.85601552557378,16484.658600075374,251,319,250,0
1758278094.410021,164,,,60.171755869300966,37.57288012443992,16484.658600075374,251,319,250,0
1758278094.5235868,165,,,60.171755869300966,35.69614238332744,16484.65860007537,251,319,250,0
1758278094.674329,166,,,60.171755869300966,33.08370108674906,16484.658600075374,251,319,250,0
1758278094.8181074,167,,,60.17175586930096,29.523462295401874,15911.311008950823,251,319,250,0
1758278094.9661849,168,,,60.171755869300966,24.63173017609382,12827.984021033295,251,319,250,0
1758278095.1123183,169,,,45.120030421393146,17.410701700530062,12825.378341673604,251,319,250,0
1758278095.2683694,170,303,423,74.61965007346937,46.54066280811975,17931.36530693542,251,319,250,1
1758278095.3796775,171,,,70.47014199633483,61.51981381509809,46051.38347909777,427,344,250,0
1758278095.525308,172,305,418,69.17235386652735,71.239269866237,49868.76345023588,427,344,250,1
1758278095.6354487,173,306,422,66.13688977199791,78.37584232899752,49869.66598477263,260,365,250,1
1758278095.7504604,174,,,63.69622040304831,83.38793262197163,49851.9661872897,220,198,250,0
1758278095.9170454,175,305,419,62.950230261461236,86.66388766754386,49853.17112866543,220,198,250,1
1758278096.0606093,176,304,416,61.3692588680062,88.59081726898857,49814.272180041226,523,368,250,1
1758278096.2620199,177,302,414,58.461233764395885,89.5993339787572,49807.95453590241,535,256,250,0
1758278096.389871,178,,,57.343731169672246,89.83014974574367,49791.46078872337,535,256,250,0
1758278096.5244715,179,,,57.00673483485976,89.33363037836979,49776.019119657096,535,256,250,0
1758278096.6706333,180,302,418,55.92307963796815,88.25045302864312,49564.27529659744,535,256,250,0
1758278096.7918415,181,303,416,51.83219702985215,86.45731965365107,49546.599572893596,535,256,250,0
1758278096.9218535,182,,,50.451081275778115,83.95008655731675,49276.2775825073,535,256,250,0
1758278097.0447512,183,,,50.180116036276814,80.90544527073595,48543.29304247679,535,256,250,0
1758278097.1926858,184,371,214,66.71377267765297,78.40303918285375,49090.06655902886,535,256,250,1
1758278097.319812,185,332,260,74.75429969826536,75.22358669209102,52309.34691520899,391,281,250,1
1758278097.4506333,186,,,74.75429969826536,72.0327641407876,52463.97184325663,215,282,250,0
1758278097.5767837,187,,,74.75429969826536,68.85790378167913,52601.947616187965,215,282,250,0
1758278097.7013257,188,,,74.75429969826536,65.7286804213206,52601.947616187965,215,282,250,0
1758278097.8122082,189,,,74.75429969826536,62.67754253363658,52601.947616187965,215,282,250,0
1758278097.9672403,190,,,74.75429969826536,59.74008528784057,52601.947616187965,215,282,250,0
1758278098.0993845,191,,,74.75429969826536,56.95527494032638,52601.947616187965,215,282,250,0
1758278098.2546275,192,,,74.75429969826536,54.36538375036174,52601.947616187965,215,282,250,0
1758278098.4073572,193,300,416,92.42683968555106,51.586426295386964,52934.09569587942,215,282,250,1
1758278098.5375516,194,298,416,92.68720647877575,48.86482663908835,55010.97812555576,309,408,250,1
1758278098.6432996,195,300,415,93.04560076907201,46.21879385746885,55903.906018824906,565,348,250,0
1758278098.76974,196,301,417,93.34534214731521,43.77679966012836,55903.97211205257,565,348,250,0
1758278098.8892417,197,,,93.34534214731521,41.60949651032612,55904.13196990028,565,348,250,0
1758278099.0363395,198,,,93.34534214731522,39.80434666014269,55904.29078367386,565,348,250,0
1758278099.204943,199,,,93.34534214731521,38.444193567667526,55904.29078367386,565,348,250,0
1758278099.3361459,200,,,93.34534214731521,37.59759082088927,55904.29078367386,565,348,250,0
1758278099.4574661,201,,,93.34534214731521,37.30776116303241,55904.29078367386,565,348,250,0
1758278099.6057518,202,559,238,129.23740322701266,36.86507675755158,57341.132958226604,565,348,250,1
1758278099.7216551,203,,,129.23740322701266,36.430363023511546,68350.59876056995,316,347,250,0
1758278099.8910744,204,,,129.23740322701266,36.0025486406928,69827.22211494113,316,347,250,0
1758278100.0760748,205,566,238,129.87872105776367,35.52104634433369,69827.37565782921,316,347,250,0
1758278100.198763,206,,,129.87872105776367,35.04309790601479,69829.57139906203,316,347,250,0
1758278100.3308268,207,,,129.87872105776367,34.567756339785824,69830.25646396868,316,347,250,0
1758278100.4711013,208,,,129.87872105776367,34.093863333169196,69830.25646396868,316,347,250,0
1758278100.6108358,209,,,129.87872105776367,33.62003854763553,69830.25646396868,316,347,250,0
1758278100.7608178,210,,,129.87872105776367,33.144668277455686,69830.25646396868,316,347,250,0
1758278100.9017484,211,,,129.87872105776367,32.66589303503073,69830.25646396866,316,347,250,0
1758278101.0643218,212,,,129.87872105776367,32.181593483721215,69830.25646396868,316,347,250,0
1758278101.1895409,213,,,129.87872105776367,31.68937395445718,69830.25646396868,316,347,250,0
1758278101.3940845,214,,,129.87872105776367,31.18654254549371,69830.25646396868,316,347,250,0
1758278101.5401735,215,,,129.87872105776367,30.670086493525893,69830.25646396866,316,347,250,0
1758278101.6754372,216,,,129.87872105776367,30.136641085259075,69830.25646396868,316,347,250,0
1758278101.8481743,217,325,351,155.99625917602836,30.88097709007242,70164.48168241659,316,347,250,1
1758278101.977445,218,,,155.99625917602836,32.16570934168951,73342.00165449655,63,271,250,0
1758278102.1482086,219,560,34,195.1628872344282,36.465513773723764,75952.67464625675,63,271,250,0
1758278102.297405,220,562,21,196.6571010088475,40.81194130367013,80036.49421710632,63,271,250,0
1758278102.4184868,221,,,196.6571010088475,44.51337098616634,81523.60889016993,63,271,250,0
1758278102.560339,222,,,196.6571010088475,47.71874086400392,81526.4435696751,63,271,250,0
1758278102.686673,223,,,196.6571010088475,50.52126386085225,81526.4435696751,63,271,250,0
1758278102.8272288,224,,,196.65710100884752,52.98368993863691,81526.4435696751,63,271,250,0
1758278102.9655864,225,,,196.6571010088475,55.15044993298082,81526.4435696751,63,271,250,0
1758278103.0907917,226,,,196.6571010088475,57.05415841134323,81526.4435696751,63,271,250,0
1758278103.223183,227,,,196.6571010088475,58.71938069966073,80543.89040153279,63,271,250,0
1758278103.3663156,228,,,196.65710100884752,60.16494893318496,68421.39837443554,63,271,250,0
1758278103.4923766,229,,,157.33386892864806,61.40545293413318,65675.60139309191,63,271,250,0
1758278103.6634526,230,,,157.33386892864806,60.78622104905389,65674.91449746421,63,271,250,0
1758278103.7846923,231,,,156.7071178857919,60.198396109206676,65673.81732330892,63,271,250,0
1758278103.9238474,232,,,156.07262870562576,59.735708341108776,65672.88785252393,63,271,250,0
1758278104.0649884,233,,,156.07262870562576,59.35569230859707,65672.83210153275,63,271,250,0
1758278104.1967971,234,,,155.7508834310993,59.10095013602139,65672.81991268974,63,271,250,0
1758278104.3207912,235,,,155.3775451865829,59.01122699948863,65672.77964350504,63,271,250,0
1758278104.4640863,236,,,155.13952663652583,59.094508335444914,65672.69069613522,63,271,250,0
1758278104.5889766,237,,,155.13952663652583,59.32657685208854,65672.47150254791,63,271,250,0
1758278104.7144163,238,,,155.13952663652583,59.67158490725395,65671.85301625478,63,271,250,0
1758278104.8572078,239,,,154.67568031932612,60.09721244555914,65671.81613870309,63,271,250,0
1758278105.0158875,240,,,154.36299965840107,60.48743094606498,65671.63807775493,63,271,250,0
1758278105.157112,241,,,154.36299965840107,60.92050201708473,65090.140315945966,63,271,250,0
1758278105.3197906,242,,,154.36299965840107,61.31157900220699,62532.337445706704,63,271,250,0
1758278105.4813795,243,,,129.94332833119452,61.62138094612469,62402.66548433163,63,271,250,0
1758278105.6175478,244,,,121.90280131058212,62.76481651827267,62286.40387840059,63,271,250,0
1758278105.7799034,245,,,121.9028013105821,64.92432359229355,62286.40387840059,63,271,250,0
1758278105.912087,246,,,121.90280131058212,67.23800908793777,62286.40387840059,63,271,250,0
1758278106.0688758,247,,,121.90280131058212,69.67455170377647,62286.40387840059,63,271,250,0
1758278106.1913533,248,,,121.90280131058212,72.20422833174935,62286.40387840059,63,271,250,0
1758278106.3125212,249,,,121.9028013105821,74.79899327905835,62286.40387840059,63,271,250,0
1758278106.5356452,250,,,121.90280131058212,77.43230375742847,62004.3749583761,63,271,250,0
1758278106.681336,251,,,121.90280131058212,80.07878734679764,60169.3716668958,63,271,250,0
1758278106.8145938,252,,,104.23026132329643,82.71382833888846,59340.66306469629,63,271,250,0
1758278106.969071,253,,,103.96989453007173,83.12833810385189,59340.60079923581,63,271,250,0
1758278107.0775387,254,,,103.6115002397755,83.07830545290899,59340.45019892747,63,271,250,0
1758278107.2013297,255,,,103.31175886153227,82.59320342657809,59340.30058142489,63,271,250,0
1758278107.3114877,256,,,103.31175886153228,81.47639160548992,59340.30058142489,63,271,250,0
1758278107.4225702,257,,,103.31175886153228,79.63016322019168,59340.30058142489,63,271,250,0
1758278107.555211,258,350,290,147.0769662956263,75.60767963926388,62443.35302014327,63,271,250,0
1758278107.667121,259,326,253,153.75639647010686,71.2490225920814,76610.91498516311,63,271,250,0
1758278107.776254,260,304,305,162.5254158603075,67.76318139868884,71522.70305333364,63,271,250,1
1758278107.8901775,261,,,126.63335478061003,63.984669707643114,70391.29549452435,455,305,250,0
1758278108.0220091,262,,,126.63335478061005,66.40472484755571,70538.87068847075,455,305,250,0
1758278108.1459973,263,,,126.63335478061005,68.20966424208797,70536.69702706313,455,305,250,0
1758278108.278666,264,,,125.99203694985903,69.47219175242303,70536.01882329879,455,305,250,0
1758278108.4055207,265,,,125.99203694985903,70.20072392638683,70536.01882329879,455,305,250,0
1758278108.5251713,266,,,125.99203694985903,70.48577641455152,70536.01882329879,455,305,250,0
1758278108.6478574,267,,,125.99203694985903,70.3661064304757,70536.01882329879,455,305,250,0
1758278108.8144362,268,,,125.99203694985903,69.87482682835157,70536.01882329879,455,305,250,0
1758278108.9340148,269,,,125.99203694985903,69.04088427572816,70536.01882329879,455,305,250,0
1758278109.088685,270,,,125.99203694985903,67.89009015561247,70536.01882329879,455,305,250,0
1758278109.2344077,271,,,125.99203694985903,66.445859678879,70536.01882329879,455,305,250,0
1758278109.348756,272,,,125.99203694985903,64.72975538474583,70536.01882329879,455,305,250,0
1758278109.4894557,273,,,125.99203694985903,62.76189705436955,70536.01882329879,455,305,250,0
1758278109.6166866,274,,,125.99203694985903,60.56127980472213,70203.56244167544,455,305,250,0
1758278109.7416131,275,,,125.99203694985903,58.14602997381829,66877.09221083272,455,305,250,0
1758278109.8937962,276,,,99.87449883159435,55.53362132147781,63896.681317140916,455,305,250,0
1758278110.0177572,277,,,99.87449883159435,55.219559842562475,58700.54737989677,455,305,250,0
1758278110.15751,278,,,60.7078707731945,54.88772870204425,56617.098678641276,455,305,250,0
1758278110.303278,279,,,59.21365699877523,49.47885612905583,56613.01677304416,455,305,250,0
1758278110.4120257,280,,,59.21365699877523,43.87745411634909,56613.01677304415,455,305,250,0
1758278110.5700943,281,,,59.21365699877523,38.14398004657517,56613.01677304416,455,305,250,0
1758278110.7063498,282,,,59.21365699877523,32.31990570791875,56613.01677304415,455,305,250,0
1758278110.7974958,283,,,59.21365699877523,26.461328907693638,56613.01677304416,455,305,250,0
1758278110.9173768,284,,,59.21365699877523,20.661098533842072,56613.01677304415,455,305,250,0
1758278111.0767574,285,,,59.21365699877523,15.118320024830847,56613.01677304416,455,305,250,0
1758278111.2122633,286,,,59.21365699877523,10.39754687728046,56613.01677304415,455,305,250,0
1758278111.3493972,287,,,59.21365699877523,8.202769105922519,56613.01677304416,455,305,250,0
1758278111.5072806,288,,,59.21365699877523,10.33296516462816,56613.01677304415,455,305,250,0
1758278111.6934276,289,,,59.21365699877523,15.038261792271772,56613.01677304416,455,305,250,0
1758278111.8311949,290,,,59.21365699877523,20.589260538503748,56613.01677304415,455,305,250,0
1758278111.945642,291,,,59.21365699877523,26.40981707183115,56613.01677304416,455,305,250,0
1758278112.0552902,292,,,59.21365699877523,32.297727223877615,56613.01677304415,455,305,250,0
1758278112.198482,293,,,59.21365699877523,38.159288080995864,56613.01677304416,455,305,250,0
1758278112.3099813,294,,,59.21365699877523,43.938246096932644,56613.01677304415,455,305,250,0
1758278112.4932818,295,355,457,74.03860416699628,51.673222581428526,56717.9256947996,455,305,250,1
1758278112.6223178,296,,,74.03860416699628,58.698791899955005,57943.8732275663,137,417,250,0
1758278112.7549589,297,,,74.03860416699628,65.18812709616326,58337.90051957453,137,417,250,0
1758278112.9051638,298,,,74.03860416699628,71.22309411082293,58337.90051957453,137,417,250,0
1758278113.0150409,299,,,74.03860416699628,76.83826672061939,58337.90051957453,137,417,250,0
1758278113.1435924,300,,,74.03860416699628,82.0399087111823,58337.90051957453,137,417,250,0
1758278113.248658,301,,,74.03860416699627,86.81508289091482,58337.90051957453,137,417,250,0
1758278113.4039876,302,,,74.03860416699628,91.13624288654135,58337.90051957453,137,417,250,0
1758278113.5216544,303,,,74.03860416699628,94.9635171352077,58337.90051957453,137,417,250,0
1758278113.6661031,304,,,74.03860416699628,98.24555577410638,58337.90051957453,137,417,250,0
1758278113.79392,305,,,74.03860416699627,100.91877692207305,58337.90051957453,137,417,250,0
1758278113.906566,306,,,74.03860416699628,102.90317285441287,58337.90051957453,137,417,250,0
1758278114.0547118,307,,,74.03860416699628,104.08632877775145,58337.90051957453,137,417,250,0
1758278114.1951916,308,,,74.03860416699628,104.28767245780924,58337.90051957453,137,417,250,0
1758278114.3041258,309,,,74.03860416699627,103.37449536714125,58337.90051957453,137,417,250,0
1758278114.4525712,310,,,74.03860416699628,101.26067676127171,58337.90051957453,137,417,250,0
1758278114.5990012,311,,,74.03860416699628,97.78168138676497,58337.90051957453,137,417,250,0
1758278114.7088916,312,,,74.03860416699628,92.74023976205063,58337.90051957453,137,417,250,0
1758278114.8631997,313,,,74.03860416699627,85.90668471375889,58337.90051957453,137,417,250,0
1758278114.9863708,314,,,74.03860416699628,76.94385599273065,58337.90051957453,137,417,250,0
1758278115.1114984,315,,,74.03860416699628,65.1861203160801,55003.72327149676,137,417,250,0
1758278115.26249,316,,,74.03860416699628,48.90447108448576,29876.97799902596,137,417,250,0
1758278115.4101655,317,,,30.273396732902242,19.132974095376174,16204.019105377054,137,417,250,0
1758278115.5355747,318,,,23.593966558421688,16.907010478584542,14801.89881280175,137,417,250,0
1758278115.6615705,319,,,14.824947168221048,13.173777674223784,14081.085501011437,137,417,250,0
1758278115.787349,320,,,14.824947168221048,10.593084163677979,14081.085501011437,137,417,250,0
1758278115.9350932,321,104,302,48.66742251211716,22.493103158353968,18576.118618070377,137,417,250,1
1758278116.0734217,322,69,304,52.962906437847515,32.04648190343135,31152.193114447975,379,93,250,0
1758278116.2293632,323,,,52.962906437847515,38.50817819806502,32517.572773474403,379,93,250,0
1758278116.3602052,324,213,259,72.50614718028,39.26813395001454,34191.20601340342,379,93,250,1
1758278116.4980624,325,,,72.50614718028,39.89492736989181,37965.75276588113,230,101,250,0
1758278116.6515558,326,165,355,84.35795250732109,39.780319332550384,39568.83517306454,230,101,250,0
1758278116.8526623,327,,,84.35795250732109,39.508739047104854,39920.94645755514,230,101,250,0
1758278117.0133214,328,64,208,103.17383366304956,46.245716538705665,40829.0744031824,230,101,250,1
1758278117.1393118,329,89,196,106.90439113753938,50.763464629241696,43391.69690845366,444,251,250,0
1758278117.2749004,330,132,200,112.30277897920982,52.9191343692561,44053.94356758337,444,251,250,0
1758278117.389798,331,174,249,121.82295441516246,52.802780475023475,44083.109592593544,444,251,250,0
1758278117.4972389,332,,,121.82295441516247,52.53245141440503,45003.329018352146,444,251,250,0
1758278117.6809623,333,53,251,132.9871666757502,54.555702574758875,45449.63438783301,444,251,250,0
1758278117.8208272,334,,,132.9871666757502,55.912270720162454,46123.44665872119,444,251,250,0
1758278117.9575381,335,,,132.9871666757502,56.691213251439585,46348.58587510752,444,251,250,0
1758278118.1145673,336,73,232,135.9647233162334,56.858794311552906,46358.19130057498,444,251,250,0
1758278118.2566254,337,,,135.9647233162334,56.624883414856335,46410.18134662819,444,251,250,0
1758278118.3773139,338,,,135.96472331623337,56.03284176469393,46430.02170905539,444,251,250,0
1758278118.4837162,339,,,135.9647233162334,55.1236942061383,46430.0217090554,444,251,250,0
1758278118.6302726,340,,,135.9647233162334,53.937436528097386,46430.02170905539,444,251,250,0
1758278118.786116,341,55,363,150.34584589757236,51.803539404005164,46660.03840399625,444,251,250,0
1758278118.9236631,342,47,367,151.44799678720923,49.642665298976866,47877.40128295949,444,251,250,0
1758278119.04161,343,49,362,152.22185356750313,47.355818993332974,48278.72406727457,444,251,250,0
1758278119.1634655,344,43,370,153.6127758409783,45.07537151948509,48281.34698047065,444,251,250,0
1758278119.293278,345,43,372,153.87390871002813,42.76720940986017,48288.45982375048,444,251,250,0
1758278119.4005296,346,42,374,154.2272781856347,40.49107944350064,48293.487134593655,444,251,250,0
1758278119.4987562,347,42,394,157.6783111331232,38.31144271730394,48355.114084430286,444,251,250,0
1758278119.6439378,348,49,409,159.61077563201357,36.23530541019844,48407.92280551854,444,251,250,0
1758278119.790687,349,54,412,160.28423520824597,34.339014980065684,48408.026384545796,444,251,250,0
1758278119.9031966,350,59,416,161.24884299693363,32.71654769792141,48414.24012699337,444,251,250,0
1758278120.0526125,351,62,420,161.81602308349144,31.453274490710513,48415.018085836105,444,251,250,0
1758278120.1787968,352,51,446,165.60805587355696,30.62186096864706,48323.68217087302,444,251,250,0
1758278120.3205986,353,45,456,167.00196863576826,30.238864343182545,46905.0809138158,444,251,250,0
1758278120.4640388,354,70,430,156.4390427447846,30.30502533875917,46457.63029471757,444,251,250,0
1758278120.58607,355,,,156.43904274478462,31.636727934967094,46590.569542409576,444,251,250,0
1758278120.7100224,356,,,156.43904274478462,33.42409983067179,46642.573742247594,444,251,250,0
1758278120.8939638,357,201,375,169.53067265044479,39.53572427417006,46740.484610121806,444,251,250,0
1758278121.016494,358,133,356,179.29713655985344,42.864815520603855,47159.15992551319,444,251,250,0
1758278121.144534,359,199,343,188.2016738964464,46.66859723325376,47175.60265122558,444,251,250,0
1758278121.290021,360,211,339,189.6752897785197,49.62599963133972,47235.69765939036,444,251,250,1
1758278121.4286027,361,214,308,193.48443741473505,51.585061652744976,47390.76463521469,156,248,250,1
1758278121.5464787,362,206,327,196.4487013387238,53.90380226282834,47417.51326385328,499,411,250,0
1758278121.659861,363,169,329,201.98778396057955,56.5520770968916,47462.20539373505,499,411,250,0
1758278121.782631,364,,,201.98778396057958,59.01452686679808,47658.16871924044,499,411,250,0
1758278121.948828,365,,,201.98778396057955,61.24661126773942,47705.363341749704,499,411,250,0
1758278122.0547996,366,,,201.98778396057955,63.10358512713958,47705.363341749704,499,411,250,0
1758278122.2109601,367,367,315,223.5317000889811,63.44580687106333,48202.34362686547,499,411,250,1
1758278122.3353477,368,385,303,226.47947396924812,64.03072623364666,51474.553366144646,231,193,250,1
1758278122.4612465,369,385,298,227.15259982194877,64.57182209051032,52117.06260459831,182,330,250,1
1758278122.5943997,370,383,300,227.51263204602208,64.9907306752448,52125.22391549878,527,85,250,0
1758278122.7337372,371,372,288,229.49280346386843,65.23436288372167,52131.11956287884,527,85,250,0
1758278122.8498669,372,383,273,232.2076355294836,65.7520731618264,52132.340137425825,527,85,250,1
1758278122.9667044,373,397,274,234.2437342925149,66.48449243451994,52138.658589175815,489,209,250,1
1758278123.0784826,374,398,281,235.31593391125654,67.09058003461602,52139.02978615635,113,180,250,0
1758278123.2194803,375,400,290,236.42420392376638,67.59835857073766,52141.35222560015,113,180,250,0
1758278123.3572705,376,404,299,237.63568187721944,67.98110557048554,52141.3597284412,113,180,250,0
1758278123.4812772,377,409,305,238.70318114700137,67.79978535505292,52141.49866854348,113,180,250,0
1758278123.6129265,378,409,303,238.96067067773183,67.55340461690788,50715.17001268624,113,180,250,0
1758278123.7063742,379,408,303,239.14204651918294,67.2212411050099,44123.01905775915,113,180,250,0
1758278123.8660223,380,406,303,205.51190247203607,66.78306015660452,43126.672072561654,113,180,250,0
1758278124.0209382,381,404,304,201.46106405625042,66.2070254373543,41812.24479779728,113,180,250,0
1758278124.1639006,382,406,306,201.79639295460333,65.66665702681249,38417.503070287225,113,180,250,0
1758278124.2756388,383,407,308,182.59233304347802,65.00978292977659,36764.27570667751,113,180,250,0
1758278124.4226475,384,,,182.59233304347802,64.17534798277097,36381.839075200856,113,180,250,0
1758278124.5824432,385,224,414,193.17200666442503,63.902063512623016,36041.6056941439,113,180,250,0
1758278124.713438,386,201,421,196.28270475194665,62.78872662604922,37122.70372025937,113,180,250,0
1758278124.8525321,387,151,419,183.56438801507974,61.77024202874013,37553.99796985924,113,180,250,1
1758278124.9888809,388,,,179.83383054059,61.91326408362966,37711.08080256306,323,284,250,0
1758278125.114553,389,,,174.4354426989195,62.18951090628941,36713.482453055294,323,284,250,0
1758278125.2801394,390,77,238,184.93070266626603,62.492292552010824,36606.738720211426,323,284,250,0
1758278125.423521,391,78,222,186.8257547076152,62.43632684728463,38209.38192626445,323,284,250,0
1758278125.5398445,392,90,206,178.5756839159096,62.26585360064508,39007.2156115149,323,284,250,1
1758278125.669491,393,,,178.5756839159096,61.99518251136195,39041.23390200201,434,74,250,0
1758278125.7815104,394,,,178.5756839159096,61.72071237137783,39010.94492441228,434,74,250,0
1758278125.9173212,395,,,175.59812727542638,61.44271154624337,38987.329231675874,434,74,250,0
1758278126.0763767,396,240,426,203.9722532623019,61.403596001079514,39960.390330506576,434,74,250,0
1758278126.222028,397,233,429,204.85848540867218,61.445704955211006,44551.196471700765,434,74,250,0
1758278126.3499424,398,229,420,206.1634968521271,61.634118613706484,45836.508776124276,434,74,250,0
1758278126.4967268,399,225,414,206.99616132982908,61.90128199318569,44564.7688585029,434,74,250,0
1758278126.6212738,400,222,413,193.04538170673916,62.14332090137339,44129.68366138699,434,74,250,0
1758278126.7402453,401,225,399,193.98300300953144,62.42941437142906,44140.541532531206,434,74,250,0
1758278126.8472316,402,208,343,202.48064984435595,64.03592546820653,44309.11246077588,434,74,250,0
1758278127.0274253,403,209,323,202.97329278722617,64.83746293829522,44553.252324895875,434,74,250,0
1758278127.1454623,404,181,346,207.91526074805904,65.19107631419062,44721.124709030635,434,74,250,0
1758278127.2983196,405,120,314,215.19989563894111,64.56812660327651,44668.30731072842,434,74,250,0
1758278127.4242518,406,90,258,220.2992683456311,63.86036102639358,44671.44562595429,434,74,250,0
1758278127.5539021,407,130,238,224.21321397426044,62.652078305408786,44696.816883194835,434,74,250,0
1758278127.6918197,408,173,279,230.84131856581593,61.63305461006627,44731.387938452106,434,74,250,0
1758278127.820801,409,210,323,237.4312293944094,61.73035922755708,44700.27081635519,434,74,250,0
1758278127.9568129,410,240,374,244.23744144220257,61.05855089566609,44639.35819131081,434,74,250,0
1758278128.0986423,411,228,364,242.31211652133172,60.61131274255854,44641.87890738587,434,74,250,0
1758278128.2306724,412,184,333,247.82775081833927,59.093828888213146,44736.00517415469,434,74,250,0
1758278128.3499427,413,125,294,253.61622404592714,56.39577556107126,44688.538747029736,434,74,250,0
1758278128.499265,414,,,253.61622404592714,54.675235362026356,44854.648286020296,434,74,250,0
1758278128.632863,415,62,202,267.76229097361596,54.153475528775544,45555.01231540931,434,74,250,0
1758278128.74605,416,109,198,261.73411431910375,52.29453550720805,46999.860066052934,434,74,250,0
1758278128.8932343,417,,,251.96765040969512,51.97474620123455,46945.84962308145,434,74,250,0
1758278129.0279,418,,,243.06311307310216,51.63521177635246,46872.114763417245,434,74,250,0
1758278129.1915772,419,,,241.58949719102884,50.74286675814092,46845.05471207789,434,74,250,0
1758278129.3439746,420,,,237.78034955481345,49.511436469327975,46799.77322881148,434,74,250,0
1758278129.483521,421,,,234.81608563082472,47.53478741839418,46600.20031538153,434,74,250,0
1758278129.6162987,422,,,229.277003008969,45.7340146787835,46551.88528445348,434,74,250,0
1758278129.750732,423,142,306,243.51495116173194,45.30261030209645,46957.24716849549,434,74,250,0
1758278129.8932817,424,110,337,248.81233904937483,44.81791744543565,47357.98967409521,434,74,250,0
1758278130.0163739,425,84,351,252.878417811319,44.50735951468029,43906.90451665285,434,74,250,0
1758278130.1366382,426,70,344,233.54044491702763,44.197364959823005,43143.75679147261,434,74,250,0
1758278130.2858138,427,72,330,232.1994830314093,46.001817949183454,43138.06708299123,434,74,250,0
1758278130.3975272,428,66,320,233.2957006020755,47.80391526612226,43132.64023455867,434,74,250,0
1758278130.5311594,429,53,311,234.9410957088373,49.60396954718842,43131.168830636474,434,74,250,0
1758278130.6633573,430,42,313,234.3943611913163,51.38903337102604,43125.03499185563,434,74,250,0
1758278130.782465,431,40,318,232.44584366267725,53.17487061362753,43124.667244038836,434,74,250,0
1758278130.9233556,432,42,326,231.40176490724838,54.67343330486785,43123.70996741904,434,74,250,0
1758278131.054544,433,42,331,230.97555050874615,55.70322520672473,43124.44042549624,434,74,250,0
1758278131.1900811,434,38,341,231.2141286696073,56.50150843649164,43126.622639809866,434,74,250,0
1758278131.3043997,435,38,347,230.8922251776735,56.96593481759459,43130.16128728727,434,74,250,0
1758278131.4164426,436,41,347,230.27854721970294,56.97925756649144,43127.85153633292,434,74,250,0
1758278131.5373092,437,45,348,230.59924208869998,56.47260402169812,43128.99552971947,434,74,250,0
1758278131.6723223,438,47,344,230.97928519500218,55.569275054729474,43129.04716686745,434,74,250,0
1758278131.8206108,439,54,347,231.63742537923255,54.232838525702384,43129.19790045608,434,74,250,0
1758278131.9476125,440,60,354,232.62318378209198,52.379268549287694,43129.202184041955,434,74,250,0
1758278132.141852,441,71,359,233.34221055310715,49.88897415335254,43129.28508421283,434,74,250,0
1758278132.2911446,442,76,379,235.3435039282672,46.378692611361735,42563.98876807872,434,74,250,0
1758278132.40072,443,75,410,240.14109213822246,41.667115939071415,38958.172984949255,434,74,250,0
1758278132.5115306,444,,,217.70961319023436,35.24351665595659,38067.07069436717,434,74,250,0
1758278132.6649528,445,,,214.59891510271274,35.277097981677954,37941.68894075608,434,74,250,0
1758278132.782603,446,,,208.50135068385111,35.38148518925132,37839.642040620456,434,74,250,0
1758278132.8882725,447,,,208.50135068385111,35.63393731414796,37407.15627536565,434,74,250,0
1758278133.0205998,448,,,208.50135068385111,35.883527470256915,34895.39693799317,434,74,250,0
1758278133.1464643,449,,,188.485915280552,36.130835498806334,33693.673648649805,434,74,250,0
1758278133.2574854,450,,,186.5908632392028,36.24260181179141,33641.017836498475,434,74,250,0
1758278133.3834245,451,,,183.6767217703207,36.37039581643015,33604.451636720725,434,74,250,0
1758278133.5045514,452,,,183.6767217703207,36.45720745787483,33604.451636720725,434,74,250,0
1758278133.6203742,453,,,183.6767217703207,36.547507287337375,32441.304151611213,434,74,250,0
1758278133.7682936,454,192,419,197.12261857278833,36.14563254489813,26220.68816655468,434,74,250,0
1758278133.8761094,455,221,444,174.76760972682197,36.0653070363012,26154.688430703012,434,74,250,0
1758278134.011801,456,216,414,177.68034662184175,35.58096416208465,26326.755225627487,434,74,250,0
1758278134.1673698,457,,,176.37533517838673,35.1446517803556,26329.866936925453,434,74,250,0
1758278134.280064,458,,,175.54267070068482,34.91181681034402,26361.292704646872,434,74,250,0
1758278134.4076567,459,,,175.11232774243578,34.816367060164765,26063.783817437827,434,74,250,0
1758278134.5252333,460,,,173.07255555000665,34.768361605107486,25634.75051075747,434,74,250,0
1758278134.658902,461,,,163.8010519348882,34.84762565558095,25222.957255937374,434,74,250,0
1758278134.7669585,462,,,161.91748671854288,35.210104112324636,25215.252482239146,434,74,250,0
1758278134.8932412,463,,,156.71438588866016,35.54949696439239,25209.49331768312,434,74,250,0
1758278135.0332804,464,,,149.07638152217152,35.55049461672736,25152.525509971307,434,74,250,0
1758278135.145612,465,,,140.525975867993,34.33561494903636,25089.491484317645,434,74,250,0
1758278135.2963703,466,,,134.67956574047327,33.89044330145985,25084.093157036936,434,74,250,0
1758278135.4275439,467,,,127.3780015726854,33.68826037614475,25083.379643954155,434,74,250,0
1758278135.5424566,468,,,119.82348295540426,33.78167586660208,24998.157776616747,434,74,250,0
1758278135.6743057,469,,,112.45009082105328,34.03666100484152,24578.96108420553,434,74,250,0
1758278135.8269005,470,,,110.58338295185861,34.18329556014038,24566.674104591486,434,74,250,0
1758278135.9872255,471,,,103.67383589263974,34.410883929135096,24072.895188476432,434,74,250,0
1758278136.1340225,472,,,93.62334138781449,34.30938044693195,21837.379542192455,434,74,250,0
1758278136.254701,473,,,93.62334138781449,33.854257507959204,18482.216465351492,434,74,250,0
1758278136.3877106,474,,,79.47727446012564,33.48887245489579,18465.98838418013,434,74,250,0
1758278136.5248644,475,,,72.41382120897774,31.909078792881107,18254.778610043886,434,74,250,0
1758278136.66747,476,,,72.41382120897774,30.712428174049727,18254.778610043886,434,74,250,0
1758278136.8212361,477,,,72.41382120897774,29.304304662072536,18254.778610043886,434,74,250,0
1758278136.9546294,478,,,72.41382120897774,27.62478698646678,18254.77861004389,434,74,250,0
1758278137.0935435,479,,,72.41382120897774,25.58673935476132,18254.778610043886,434,74,250,0
1758278137.2611015,480,,,72.41382120897774,23.053830866149156,17185.22342000401,434,74,250,0
1758278137.3953226,481,,,72.41382120897774,19.78451667868611,14486.94378096572,434,74,250,0
1758278137.509062,482,,,58.175873056214805,15.240265618706621,14095.06114667278,434,74,250,0
1758278137.6535826,483,,,52.8784851685719,15.826415562951304,14090.588795136655,434,74,250,0
1758278137.7986107,484,,,48.812406406627694,16.358280416292395,14077.814365499044,434,74,250,0
1758278137.9491858,485,,,46.60646317251753,17.41319971590267,14072.610870906301,434,74,250,0
1758278138.096215,486,,,44.99965117786885,18.927246261393634,14072.599060083452,434,74,250,0
1758278138.2206845,487,,,43.23030775450196,20.6050141125612,14067.988295402387,434,74,250,0
1758278138.361841,488,,,41.22488042366692,22.26741947861661,14067.739877329735,434,74,250,0
1758278138.488968,489,,,39.79144352334159,23.64474352193193,14062.065422220689,434,74,250,0
1758278138.626194,490,,,39.02512898636547,24.806075679181266,14059.797326565676,434,74,250,0
1758278138.7599034,491,,,38.03310897876303,25.95130031334268,14052.586718775512,434,74,250,0
1758278138.902583,492,,,37.387123758523614,27.19944059974389,14038.59541044184,434,74,250,0
1758278139.0152283,493,,,36.04027558515263,28.408727102666656,14038.593282183656,434,74,250,0
1758278139.1516957,494,,,35.15070112363332,29.533281451951346,14034.991541099977,434,74,250,0
1758278139.2851849,495,,,34.69687981182196,30.562897455047903,14034.832841540558,434,74,250,0
1758278139.4364717,496,,,34.11869541209442,31.454437890051114,14034.350334858353,434,74,250,0
1758278139.5513704,497,,,33.55727646434109,32.223930629496955,14034.274469029939,434,74,250,0
1758278139.6916924,498,,,32.686804983361455,32.7011152083718,14033.467627699252,434,74,250,0
1758278139.8319979,499,,,31.45640107055732,33.12057828133608,14024.615096746888,434,74,250,0
1758278139.9478662,500,,,30.402045401189245,33.51716078573853,13989.99255436855,434,74,250,0
1758278140.0609193,501,,,28.061571194722063,33.972556893897575,13199.963919186392,434,74,250,0
1758278140.1848047,502,,,23.263982984766844,34.53410015570936,13014.44196908332,434,74,250,0
1758278140.331975,503,,,23.263982984766844,34.986399672576624,13014.44196908332,434,74,250,0
1758278140.4709485,504,,,23.263982984766844,35.1628824976316,13014.44196908332,434,74,250,0
1758278140.5839112,505,,,23.263982984766844,35.03401386316702,13014.44196908332,434,74,250,0
1758278140.7073476,506,,,23.263982984766844,34.56083720468429,13014.44196908332,434,74,250,0
1758278140.8318355,507,,,23.263982984766844,33.686283307798114,13014.44196908332,434,74,250,0
1758278140.9462276,508,,,23.263982984766844,32.32856664896537,13014.44196908332,434,74,250,0
1758278141.0851102,509,,,23.263982984766844,30.367010712970288,13014.44196908332,434,74,250,0
1758278141.196247,510,,,23.263982984766844,27.608724526805727,13014.44196908332,434,74,250,0
1758278141.314467,511,,,23.263982984766844,23.699336111026508,12095.995833441924,434,74,250,0
1758278141.431622,512,,,23.263982984766844,17.79084415336193,3490.1545152772696,434,74,250,0
1758278141.5426404,513,,,9.818086182299217,4.755729682576876,1741.094013072857,434,74,250,0
1758278141.653138,514,,,3.7989690413900505,3.7637638355609595,1693.3858271109436,434,74,250,0
1758278141.7801251,515,,,0.0,0.0,0.0,434,74,250,0
1758278141.898759,516,,,0.0,0.0,0.0,434,74,250,0
1758278142.033358,517,,,0.0,0.0,0.0,434,74,250,0
1758278142.1486845,518,,,0.0,0.0,0.0,434,74,250,0
1758278142.3140745,519,,,0.0,0.0,0.0,434,74,250,0
1758278142.431764,520,,,0.0,0.0,0.0,434,74,250,0
1758278142.5606177,521,,,0.0,0.0,0.0,434,74,250,0
1758278142.6791663,522,,,0.0,0.0,0.0,434,74,250,0
1758278142.7884989,523,,,0.0,0.0,0.0,434,74,250,0
1758278142.8989506,524,,,0.0,0.0,0.0,434,74,250,0
1758278143.040353,525,121,483,14.073758350498611,14.53016799967452,5500.606813022002,434,74,250,0
1758278143.147486,526,124,484,14.574052103389047,19.520449421835597,17394.61411382406,434,74,250,0
1758278143.2994752,527,119,485,15.142671763770565,23.099130708944692,18582.53866306288,434,74,250,0
1758278143.4124365,528,121,477,16.379965438347625,25.259909886047804,18586.391289527342,434,74,250,0
1758278143.535581,529,120,480,16.815209166927374,26.89716304803647,18603.129131957656,434,74,250,0
1758278143.6395156,530,122,479,17.179856590094964,27.930390961424497,18608.29973727482,434,74,250,0
1758278143.7635717,531,,,17.179856590094964,28.57121527783278,18608.84438961314,434,74,250,0
1758278143.8781066,532,,,17.179856590094964,28.88509410105813,18609.925081426078,434,74,250,0
1758278144.01879,533,,,17.179856590094964,28.920259665362835,18609.925081426078,434,74,250,0
1758278144.1465476,534,,,17.179856590094964,28.71389196145564,18609.925081426074,434,74,250,0
1758278144.2775826,535,,,17.179856590094964,28.29567822181827,18609.925081426074,434,74,250,0
1758278144.4360952,536,,,17.179856590094964,27.690004367530225,18609.925081426078,434,74,250,0
1758278144.8855553,537,,,17.179856590094964,26.91737599516971,18609.925081426078,434,74,250,0
1758278145.0252144,538,,,17.179856590094964,25.99537949659039,18609.925081426074,434,74,250,0
1758278145.3616383,539,,,17.179856590094964,24.939355472253276,18609.925081426074,434,74,250,0
1758278145.5401952,540,,,17.179856590094964,23.76288506211123,18609.925081426078,434,74,250,0
1758278145.675068,541,,,17.179856590094964,22.478150723473764,18609.925081426078,434,74,250,0
1758278145.8305078,542,,,17.179856590094964,21.096210639104807,18609.925081426074,434,74,250,0
1758278145.9909878,543,,,17.179856590094964,19.627212748333907,18609.925081426074,434,74,250,0
1758278146.150607,544,,,17.179856590094964,18.080566543835076,18609.925081426078,434,74,250,0
1758278146.300589,545,,,17.179856590094964,16.465086398689014,18609.925081426078,434,74,250,0
1758278146.4461215,546,,,17.179856590094964,14.789118673730542,18609.925081426074,434,74,250,0
1758278146.6583507,547,,,17.179856590094964,13.060666983789437,18609.925081426074,434,74,250,0
1758278146.7901027,548,,,17.179856590094964,11.287539484184515,18609.925081426078,434,74,250,0
1758278146.9569154,549,,,17.179856590094964,9.47757167775443,18609.925081426078,434,74,250,0
1758278147.0888062,550,,,17.179856590094964,7.639076092239531,18609.925081426074,434,74,250,0
1758278147.233151,551,,,17.179856590094964,5.782055486042126,18609.925081426074,434,74,250,0
1758278147.4519799,552,,,17.179856590094964,3.922744701113395,18609.925081426078,434,74,250,0
1758278147.5916042,553,,,17.179856590094964,2.111760436757698,18609.925081426078,434,74,250,0
1758278147.7336483,554,,,17.179856590094964,0.887132791201973,18609.925081426074,434,74,250,0
1758278147.8640692,555,,,17.179856590094964,2.1008609973695873,18609.925081426074,434,74,250,0
1758278147.9924078,556,,,17.179856590094964,3.9097181603487186,18609.925081426078,434,74,250,0
1758278148.134432,557,,,17.179856590094964,5.766595408132495,18609.925081426078,434,74,250,0
1758278148.3012393,558,,,17.179856590094964,7.6203563496861095,18609.925081426074,434,74,250,0
1758278148.4577446,559,,,17.179856590094964,9.454671318609373,18609.925081426074,434,74,250,0
1758278148.5878456,560,,,17.179856590094964,11.259489452270929,18609.925081426078,434,74,250,0
1758278148.7195172,561,,,17.179856590094964,13.026454194228902,18609.925081426078,434,74,250,0
1758278148.87958,562,,,17.179856590094964,14.747680612653848,18609.925081426074,434,74,250,0
1758278149.0067675,563,,,17.179856590094964,16.41530197614601,18609.925081426074,434,74,250,0
1758278149.142933,564,,,17.179856590094964,18.02124430966611,18609.925081426078,434,74,250,0
1758278149.2853668,565,293,372,41.18357497839155,21.70857759180882,20780.346171601843,434,74,250,0
1758278149.414289,566,294,338,45.65542138869612,25.967433294496487,28427.673839597075,434,74,250,0
1758278149.5445979,567,308,329,47.820202081144,30.32958642736227,29538.376286609906,434,74,250,0
1758278149.673985,568,323,337,50.047128131213995,34.180019413365336,29558.789066500947,434,74,250,0
1758278149.8471012,569,339,329,51.79852774310011,38.232023452724526,29559.14805259523,434,74,250,0
1758278149.9920647,570,354,323,53.687430355815685,42.30213435318163,29559.81933830206,434,74,250,0
1758278150.130351,571,372,313,56.21121094669534,46.59636873628005,29560.53603168093,434,74,250,1
1758278150.2491086,572,391,307,59.054900909748106,50.955736596385044,29560.79966790149,91,327,250,0
1758278150.378998,573,404,297,61.195080029965986,55.16249842520967,29564.826377630958,91,327,250,0
1758278150.5033166,574,414,287,63.1231681401778,59.062282013810254,29565.746274363737,91,327,250,0
1758278150.6441724,575,421,277,64.59198084816619,62.531896986187505,29565.872075835374,91,327,250,0
1758278150.78505,576,426,265,66.15602766956077,65.5564883176353,29566.67850273138,91,327,250,0
1758278150.9075873,577,429,257,67.33781913030548,67.97515515484537,29567.669315879994,91,327,250,0
1758278151.0550349,578,429,245,68.71722340503062,69.80785858362371,29568.614063555855,91,327,250,0
1758278151.1740189,579,417,227,71.79886699349085,70.88893487983617,29580.875146354872,91,327,250,0
1758278151.3002446,580,396,206,75.78667700190799,71.17479269185961,29584.166278375767,91,327,250,0
1758278151.416473,581,374,174,81.4495473207518,71.04678230001564,29588.163034113855,91,327,250,0
1758278151.5467699,582,361,138,86.4284377132112,70.82424255705118,29096.275492476747,91,327,250,0
1758278151.6571908,583,,,86.42843771321118,69.55067707755529,24129.392056662346,91,327,250,0
1758278151.8110986,584,,,72.35467936271256,67.29059302368982,23339.475042950417,91,327,250,0
1758278151.972838,585,289,345,94.82127362157553,64.77310465523551,24324.07799615767,91,327,250,1
1758278152.101354,586,308,376,99.04785318528637,62.5522124628874,29799.3432079277,397,118,250,0
1758278152.2156358,587,313,401,101.59173855197034,60.71219332606813,31143.705981318446,397,118,250,0
1758278152.350211,588,314,417,103.17555724876264,59.236531685714155,31144.34508082417,397,118,250,0
1758278152.572566,589,288,424,104.86334686350051,58.668670666218915,31147.177503251998,397,118,250,0
1758278152.7223148,590,274,420,106.51132923448692,58.76303379354704,31147.5328404589,397,118,250,0
1758278152.8572927,591,227,359,116.1810277404074,59.32817289026659,31354.55809177033,397,118,250,0
1758278152.9936948,592,,,116.18102774040742,60.113464609334216,32231.266818850465,397,118,250,0
1758278153.1232386,593,,,116.1810277404074,61.0910757770067,32513.73746667976,397,118,250,0
1758278153.2591856,594,,,116.18102774040742,62.2299766801909,32513.737466679755,397,118,250,0
1758278153.382249,595,,,116.1810277404074,63.49675484494527,32513.737466679755,397,118,250,0
1758278153.5222173,596,,,116.1810277404074,64.8562946535845,32513.737466679755,397,118,250,0
1758278153.64874,597,,,116.1810277404074,66.27233951881867,32513.737466679755,397,118,250,0
1758278153.7858138,598,,,116.18102774040742,67.70801635134674,32513.737466679755,397,118,250,0
1758278153.953858,599,,,116.1810277404074,69.1264491459433,32513.737466679755,397,118,250,0
1758278154.1228983,600,533,300,147.42778827713946,71.72012671717397,33617.98605075112,397,118,250,1
1758278154.2571945,601,490,319,153.36087190049835,72.38735688239998,40026.657506903975,134,384,250,0
1758278154.3870795,602,484,327,154.66580765044898,72.6591793226397,41069.67316753467,134,384,250,0
1758278154.530207,603,478,352,157.71037657539821,72.65283539777624,41152.47043439543,134,384,250,0
1758278154.6508934,604,477,343,158.9821100710868,72.6310933133928,41189.163777535636,134,384,250,0
1758278154.7841866,605,477,341,159.23642399954355,72.61632891582698,41191.241490853456,134,384,250,0
1758278154.9410038,606,476,348,160.0006807817229,72.57187029353632,41194.81279758483,134,384,250,0
1758278155.0805166,607,476,348,160.0006807817229,72.46848487246913,41197.71500911493,134,384,250,0
1758278155.2186248,608,477,343,160.6264512000387,72.23249414975407,41201.60772265273,134,384,250,0
1758278155.3641398,609,476,342,160.79117461104113,71.80301880151295,41203.6825027296,134,384,250,0
1758278155.4840076,610,476,345,161.21537074144732,71.2086638380986,41205.14940073853,134,384,250,0
1758278155.6157463,611,476,346,161.34402813171118,70.49029285274689,41205.9790712081,134,384,250,0
1758278155.7347734,612,472,354,162.61766901597207,69.65201669906284,41213.339260842964,134,384,250,0
1758278155.8834174,613,464,390,166.82270914947364,68.66312342165419,41216.7607421088,134,384,250,0
1758278156.0231893,614,,,166.82270914947364,67.54268036850718,41310.72292366575,134,384,250,0
1758278156.1888514,615,,,166.82270914947364,66.27127396964097,41335.09331735046,134,384,250,0
1758278156.3084984,616,,,166.82270914947364,64.84133150397905,41335.09331735046,134,384,250,0
1758278156.4310079,617,,,166.82270914947367,63.222590574861584,41335.09331735046,134,384,250,0
1758278156.5907671,618,,,166.82270914947364,61.368682592939,41335.09331735046,134,384,250,0
1758278156.7213879,619,,,166.82270914947364,59.22337134334749,41335.09331735046,134,384,250,0
1758278156.868526,620,,,166.82270914947364,56.71087389975885,41335.09331735046,134,384,250,0
1758278157.0344558,621,,,166.82270914947367,53.73203509762582,41335.09331735046,134,384,250,0
1758278157.1855123,622,,,166.82270914947364,50.14823290432946,40287.67136580067,134,384,250,0
1758278157.338072,623,,,166.82270914947364,45.74459137451861,35309.865634973045,134,384,250,0
1758278157.4749825,624,,,142.81899076117705,40.15953425403661,34386.095699293975,134,384,250,0
1758278157.6559837,625,,,138.3471443508725,40.94452476079327,34368.5501587202,134,384,250,0
1758278157.7808502,626,,,136.1823636584246,41.839872052326996,34368.2414082408,134,384,250,0
1758278157.921533,627,,,133.9554376083546,42.73081603995786,34367.6640430697,134,384,250,0
1758278158.067997,628,,,132.20403799646851,43.526633848721445,34367.04759809978,134,384,250,0
1758278158.1926005,629,,,130.31513538375293,44.14975010572995,34366.82083179294,134,384,250,0
1758278158.3176343,630,,,127.79135479287326,44.581486649033586,34363.35682599852,134,384,250,0
1758278158.440489,631,,,124.9476648298205,44.81094866802,34362.565363056194,134,384,250,0
1758278158.566523,632,,,122.80748570960263,44.9123730783988,34362.45712235521,134,384,250,0
1758278158.6833727,633,,,120.8793975993908,45.26671592979152,34361.7632464704,134,384,250,0
1758278158.821805,634,,,119.41058489140242,45.91005448546897,34360.91067357108,134,384,250,0
1758278158.9660923,635,,,117.84653807000782,46.805171390158606,34360.09769268489,134,384,250,0
1758278159.0837328,636,,,116.66474660926313,47.91597930845637,34349.54259762606,134,384,250,0
1758278159.2372887,637,,,115.28534233453799,49.132611934627604,34346.708091224355,134,384,250,0
1758278159.3804624,638,,,112.20369874607776,50.44096028002609,34343.26512370454,134,384,250,0
1758278254.2773569,639,,,108.21588873766062,51.86949647868834,34323.01455648666,134,384,250,0
1758278254.4850962,640,,,102.55301841881682,53.289142528848465,34207.00352117085,134,384,250,0
1758278254.6198459,641,,,97.57412802635743,54.128815172413894,34130.300506230975,134,384,250,0
1758278254.7477767,642,,,97.57412802635743,53.52521542739371,33433.58400709955,134,384,250,0
1758278254.8736823,643,,,97.57412802635743,52.341391962227455,28650.33999739277,134,384,250,0
1758278255.0381756,644,,,74.60724001460403,50.47368016900358,27179.40414592067,134,384,250,0
1758278255.1836362,645,,,69.81204079051167,52.54525384824442,27178.29889930695,134,384,250,0
1758278255.3059535,646,,,66.03086174925065,54.52713951767815,27174.312744483228,134,384,250,0
1758278255.4461627,647,,,64.01179932387859,56.34932256409647,27173.905451859613,134,384,250,0
1758278255.5857182,648,,,61.95936228597314,57.991144393777006,26934.76612899898,134,384,250,0
1758278255.7090247,649,,,60.311379914986745,59.30827815791509,25879.246101966342,134,384,250,0
1758278255.8501544,650,,,50.64168140906624,60.25363177888624,25523.456182537193,134,384,250,0
1758278255.976458,651,,,50.641681409066244,60.11744887282981,25523.456182537193,134,384,250,0
1758278256.1143174,652,,,50.64168140906624,59.40111456687667,25523.456182537193,134,384,250,0
1758278256.25851,653,,,50.64168140906624,58.00557706077101,25523.456182537193,134,384,250,0
1758278256.3821237,654,,,50.64168140906624,55.7967143515533,25523.456182537193,134,384,250,0
1758278256.5040193,655,,,50.641681409066244,52.581726803358954,25523.456182537193,134,384,250,0
1758278256.6421628,656,,,50.64168140906624,48.0605333266723,25523.456182537193,134,384,250,0
1758278256.788799,657,,,50.64168140906624,41.710307389978645,24050.383644457193,134,384,250,0
1758278256.910483,658,,,50.64168140906624,32.417029457312296,10317.782144389324,134,384,250,0
1758278257.050091,659,,,19.394920872334193,15.838153330519416,4676.738763920216,134,384,250,0
1758278257.1769705,660,,,13.461837248975293,12.805988741293557,3881.2519501162406,134,384,250,0
1758278257.314754,661,,,12.156901499024675,12.000057123119293,3470.2632265315283,134,384,250,0
1758278257.453844,662,,,9.112332574075419,11.424761836723926,3445.513604132725,134,384,250,0
1758278257.5788593,663,,,7.840599078386863,11.605871532904153,3402.548769086449,134,384,250,0
1758278257.6996202,664,,,7.586285149930118,11.48434684284793,3367.226986975632,134,384,250,0
1758278257.8590598,665,,,6.82202836775075,11.14418743675482,3319.256034522535,134,384,250,0
1758278257.9817202,666,,,6.822028367750751,10.920054538454906,3293.4006389027572,134,384,250,0
1758278258.1067154,667,,,6.196257949434957,10.55172778050564,3274.996552194859,134,384,250,0
1758278258.2447193,668,,,6.0315345384324965,9.725446668825084,3264.5410607359936,134,384,250,0
1758278258.383149,669,,,5.607338408026352,8.494675597970664,3170.2691565119394,134,384,250,0
1758278258.5095978,670,,,5.478681017762477,6.955722881479799,3125.4717214893712,134,384,250,0
1758278258.650238,671,,,4.205040133501593,4.563740614349339,1419.1938127642632,134,384,250,0
1758278258.7892535,672,,,0.0,0.0,0.0,134,384,250,0
1758278258.9181404,673,,,0.0,0.0,0.0,134,384,250,0
1758278259.054175,674,,,0.0,0.0,0.0,134,384,250,0
1758278259.1739018,675,,,0.0,0.0,0.0,134,384,250,0
1758278259.3159995,676,,,0.0,0.0,0.0,134,384,250,0
1758278259.476451,677,,,0.0,0.0,0.0,134,384,250,0
1758278259.7079878,678,,,0.0,0.0,0.0,134,384,250,0
1758278259.8800464,679,,,0.0,0.0,0.0,134,384,250,0
1758278260.0288646,680,,,0.0,0.0,0.0,134,384,250,0
1758278260.2002797,681,,,0.0,0.0,0.0,134,384,250,0
1758278260.3711598,682,,,0.0,0.0,0.0,134,384,250,0
1758278260.5170026,683,,,0.0,0.0,0.0,134,384,250,0
1758278260.679278,684,,,0.0,0.0,0.0,134,384,250,0
1758278260.8246896,685,,,0.0,0.0,0.0,134,384,250,0
1758278260.9480824,686,,,0.0,0.0,0.0,134,384,250,0
1758278261.0866323,687,,,0.0,0.0,0.0,134,384,250,0
1758278261.2074726,688,,,0.0,0.0,0.0,134,384,250,0
1758278261.3507953,689,,,0.0,0.0,0.0,134,384,250,0
1758278261.491102,690,,,0.0,0.0,0.0,134,384,250,0
1758278261.6163144,691,,,0.0,0.0,0.0,134,384,250,0
1758278261.741086,692,,,0.0,0.0,0.0,134,384,250,0
1758278261.8821929,693,,,0.0,0.0,0.0,134,384,250,0
1758278262.0234675,694,,,0.0,0.0,0.0,134,384,250,0
1758278262.1451476,695,,,0.0,0.0,0.0,134,384,250,0
1758278262.2879174,696,,,0.0,0.0,0.0,134,384,250,0
1758278262.4118974,697,,,0.0,0.0,0.0,134,384,250,0
1758278262.5484447,698,,,0.0,0.0,0.0,134,384,250,0
1758278262.6916895,699,,,0.0,0.0,0.0,134,384,250,0
1758278262.8158815,700,,,0.0,0.0,0.0,134,384,250,0
1758278262.9402065,701,,,0.0,0.0,0.0,134,384,250,0
1758278263.0965998,702,,,0.0,0.0,0.0,134,384,250,0
1758278263.252036,703,,,0.0,0.0,0.0,134,384,250,0
1758278263.391045,704,,,0.0,0.0,0.0,134,384,250,0
1758278263.5186222,705,,,0.0,0.0,0.0,134,384,250,0
1758278263.6424954,706,,,0.0,0.0,0.0,134,384,250,0
1758278263.794048,707,,,0.0,0.0,0.0,134,384,250,0
1758278263.928371,708,,,0.0,0.0,0.0,134,384,250,0
1758278264.085782,709,,,0.0,0.0,0.0,134,384,250,0
1758278264.220007,710,,,0.0,0.0,0.0,134,384,250,0
1758278264.3564394,711,,,0.0,0.0,0.0,134,384,250,0
1758278264.5138981,712,,,0.0,0.0,0.0,134,384,250,0
1758278264.6561413,713,,,0.0,0.0,0.0,134,384,250,0
1758278264.840142,714,,,0.0,0.0,0.0,134,384,250,0
1758278264.997754,715,,,0.0,0.0,0.0,134,384,250,0
1758278265.1230443,716,,,0.0,0.0,0.0,134,384,250,0
1758278265.247397,717,,,0.0,0.0,0.0,134,384,250,0
1758278265.3923132,718,,,0.0,0.0,0.0,134,384,250,0
1758278265.512856,719,,,0.0,0.0,0.0,134,384,250,0
1758278265.6516132,720,,,0.0,0.0,0.0,134,384,250,0
1758278265.795112,721,,,0.0,0.0,0.0,134,384,250,0
1758278265.9195185,722,,,0.0,0.0,0.0,134,384,250,0
1758278266.0550268,723,,,0.0,0.0,0.0,134,384,250,0
1758278266.1960595,724,,,0.0,0.0,0.0,134,384,250,0
1758278266.322941,725,,,0.0,0.0,0.0,134,384,250,0
1758278266.449997,726,,,0.0,0.0,0.0,134,384,250,0
1758278266.5874288,727,,,0.0,0.0,0.0,134,384,250,0
1758278266.7153473,728,,,0.0,0.0,0.0,134,384,250,0
1758278266.8384163,729,,,0.0,0.0,0.0,134,384,250,0
1758278266.992259,730,,,0.0,0.0,0.0,134,384,250,0
1758278267.1219127,731,,,0.0,0.0,0.0,134,384,250,0
